sample_offset_s,node,seq,node_us,sync_us,rx_us,yaw_cd,pitch_cd,roll_cd,x_mm,y_mm,z_mm,gaps
0.000713,2,248,36291000,42066000,42087000,176,596,-284,-272,224,-512,0
0.020153,1,156,39618000,42086000,42106000,-372,-888,48,84,-228,-36,0
0.020885,2,249,36311000,42086000,42107000,213,573,-267,-261,237,-531,0
0.040413,1,157,39638000,42106000,42126000,-409,-889,31,73,-241,-17,0
0.041062,2,250,36331000,42106000,42127000,250,550,-250,-250,250,-550,0
0.060817,2,251,36351000,42126000,42147000,287,527,-233,-239,263,-569,0
0.061486,1,158,39658000,42126000,42148000,-446,-866,14,62,-254,2,0
0.081069,2,252,36371000,42145000,42167000,324,504,-216,-228,276,-588,0
0.081659,1,159,39679000,42146000,42168000,-483,-843,-3,51,-267,21,0
0.101259,2,253,36391000,42166000,42187000,361,481,-199,-217,289,-593,0
0.101882,1,160,39699000,42167000,42188000,-520,-820,-20,40,-280,40,0
0.121359,2,254,36412000,42187000,42207000,398,458,-182,-206,302,-574,0
0.122000,1,161,39719000,42187000,42208000,-557,-797,-37,29,-293,59,0
0.141557,2,255,36432000,42207000,42227000,435,435,-165,-195,315,-555,0
0.142216,1,162,39739000,42207000,42228000,-594,-774,-54,18,-306,78,0
0.161553,2,0,36452000,42227000,42247000,-1800,-900,-900,-600,-600,-600,0
0.162209,1,163,39759000,42227000,42249000,-631,-751,-71,7,-319,97,0
0.181733,2,1,36472000,42247000,42268000,-1763,-877,-883,-589,-587,-581,0
0.182397,1,164,39779000,42247000,42269000,-668,-728,-88,-4,-332,116,0
0.201870,2,2,36492000,42266000,42288000,-1726,-854,-866,-578,-574,-562,0
0.202512,1,165,39799000,42267000,42289000,-705,-705,-105,-15,-345,135,0
0.222055,2,3,36512000,42287000,42308000,-1689,-831,-849,-567,-561,-543,0
0.222662,1,166,39820000,42288000,42309000,-742,-682,-122,-26,-358,154,0
0.242236,2,4,36532000,42307000,42328000,-1652,-808,-832,-556,-548,-524,0
0.243090,1,167,39840000,42308000,42329000,-779,-659,-139,-37,-371,173,0
0.262369,2,5,36553000,42328000,42348000,-1615,-785,-815,-545,-535,-505,0
0.263040,1,168,39860000,42328000,42349000,-816,-636,-156,-48,-384,192,0
0.282577,2,6,36573000,42348000,42368000,-1578,-762,-798,-534,-522,-486,0
0.283212,1,169,39880000,42348000,42369000,-853,-613,-173,-59,-397,211,0
0.302661,2,7,36593000,42368000,42388000,-1541,-739,-781,-523,-509,-467,0
0.303315,1,170,39900000,42368000,42390000,-890,-590,-190,-70,-410,230,0
0.322827,1,171,39920000,42388000,42409000,-927,-567,-207,-81,-423,249,0
0.323668,2,8,36614000,42389000,42410000,-1504,-716,-764,-512,-496,-448,0
0.343442,1,172,39940000,42407000,42429000,-964,-544,-224,-92,-436,268,0
0.344208,2,9,36634000,42409000,42430000,-1467,-693,-747,-501,-483,-429,0
0.363211,1,173,39960000,42428000,42449000,-1001,-521,-241,-103,-449,287,0
0.363841,2,10,36654000,42429000,42450000,-1430,-670,-730,-490,-470,-410,0
0.383381,1,174,39981000,42449000,42469000,-1038,-498,-258,-114,-462,306,0
0.384182,2,11,36674000,42449000,42470000,-1393,-647,-713,-479,-457,-391,0
0.403666,1,175,40001000,42469000,42489000,-1075,-475,-275,-125,-475,325,0
0.404677,2,12,36694000,42469000,42490000,-1356,-624,-696,-468,-444,-372,0
0.423566,1,176,40021000,42489000,42510000,-1112,-452,-292,-136,-488,344,0
0.424211,2,13,36714000,42489000,42511000,-1319,-601,-679,-457,-431,-353,0
0.443794,1,177,40041000,42509000,42530000,-1149,-429,-309,-147,-501,363,0
0.444474,2,14,36734000,42508000,42531000,-1282,-578,-662,-446,-418,-334,0
0.463865,1,178,40061000,42529000,42550000,-1186,-406,-326,-158,-514,382,0
0.464507,2,15,36755000,42530000,42551000,-1245,-555,-645,-435,-405,-315,0
0.484008,1,179,40081000,42549000,42570000,-1223,-383,-343,-169,-527,401,0
0.484691,2,16,36775000,42550000,42571000,-1208,-532,-628,-424,-392,-296,0
0.504195,1,180,40101000,42569000,42590000,-1260,-360,-360,-180,-540,420,0
0.504812,2,17,36795000,42570000,42591000,-1171,-509,-611,-413,-379,-277,0
0.524472,1,181,40122000,42590000,42610000,-1297,-337,-377,-191,-553,439,0
0.525211,2,18,36815000,42590000,42611000,-1134,-486,-594,-402,-366,-258,0
0.544499,1,182,40142000,42610000,42630000,-1334,-314,-394,-202,-566,458,0
0.545169,2,19,36835000,42610000,42631000,-1097,-463,-577,-391,-353,-239,0
0.564948,2,20,36855000,42630000,42651000,-1060,-440,-560,-380,-340,-220,0
0.565621,1,183,40162000,42630000,42652000,-1371,-291,-411,-213,-579,477,0
0.585254,2,21,36875000,42649000,42671000,-1023,-417,-543,-369,-327,-201,0
0.585951,1,184,40183000,42650000,42672000,-1408,-268,-428,-224,-592,496,0
0.605432,2,22,36896000,42671000,42691000,-986,-394,-526,-358,-314,-182,0
0.606077,1,185,40203000,42671000,42692000,-1445,-245,-445,-235,-595,515,0
0.625568,2,23,36916000,42691000,42711000,-949,-371,-509,-347,-301,-163,0
0.626289,1,186,40223000,42691000,42712000,-1482,-222,-462,-246,-582,534,0
0.645659,2,24,36936000,42711000,42731000,-912,-348,-492,-336,-288,-144,0
0.646348,1,187,40243000,42711000,42733000,-1519,-199,-479,-257,-569,553,0
0.665667,2,25,36956000,42731000,42751000,-875,-325,-475,-325,-275,-125,0
0.666339,1,188,40263000,42731000,42753000,-1556,-176,-496,-268,-556,572,0
0.685880,2,26,36976000,42750000,42772000,-838,-302,-458,-314,-262,-106,0
0.686582,1,189,40283000,42752000,42773000,-1593,-153,-513,-279,-543,591,0
0.706069,2,27,36996000,42770000,42792000,-801,-279,-441,-303,-249,-87,0
0.706686,1,190,40303000,42771000,42793000,-1630,-130,-530,-290,-530,590,0
0.726306,2,28,37016000,42791000,42812000,-764,-256,-424,-292,-236,-68,0
0.727150,1,191,40324000,42792000,42813000,-1667,-107,-547,-301,-517,571,0
0.746327,2,29,37037000,42812000,42832000,-727,-233,-407,-281,-223,-49,0
0.747010,1,192,40344000,42812000,42833000,-1704,-84,-564,-312,-504,552,0
0.766499,2,30,37057000,42832000,42852000,-690,-210,-390,-270,-210,-30,0
0.767165,1,193,40364000,42832000,42853000,-1741,-61,-581,-323,-491,533,0
0.786657,2,31,37077000,42852000,42872000,-653,-187,-373,-259,-197,-11,0
0.787304,1,194,40384000,42852000,42873000,-1778,-38,-598,-334,-478,514,0
0.806731,2,32,37097000,42872000,42892000,-616,-164,-356,-248,-184,8,0
0.807414,1,195,40404000,42872000,42894000,-1785,-15,-615,-345,-465,495,0
0.827074,1,196,40424000,42892000,42913000,-1748,8,-632,-356,-452,476,0
0.827683,2,33,37118000,42893000,42914000,-579,-141,-339,-237,-171,27,0
0.847231,1,197,40444000,42911000,42933000,-1711,31,-649,-367,-439,457,0
0.847838,2,34,37138000,42913000,42934000,-542,-118,-322,-226,-158,46,0
0.867351,1,198,40465000,42933000,42953000,-1674,54,-666,-378,-426,438,0
0.867984,2,35,37158000,42933000,42954000,-505,-95,-305,-215,-145,65,0
0.887612,1,199,40485000,42953000,42973000,-1637,77,-683,-389,-413,419,0
0.888278,2,36,37178000,42953000,42974000,-468,-72,-288,-204,-132,84,0
0.907680,1,200,40505000,42973000,42994000,-1600,100,-700,-400,-400,400,0
0.908363,2,37,37198000,42973000,42994000,-431,-49,-271,-193,-119,103,0
0.927662,1,201,40525000,42993000,43014000,-1563,123,-717,-411,-387,381,0
0.928317,2,38,37218000,42992000,43015000,-394,-26,-254,-182,-106,122,0
0.947791,1,202,40545000,43013000,43034000,-1526,146,-734,-422,-374,362,0
0.948443,2,39,37239000,43013000,43035000,-357,-3,-237,-171,-93,141,0
0.967960,1,203,40565000,43033000,43054000,-1489,169,-751,-433,-361,343,0
0.968558,2,40,37259000,43034000,43055000,-320,20,-220,-160,-80,160,0
0.988132,1,204,40585000,43053000,43074000,-1452,192,-768,-444,-348,324,0
0.988745,2,41,37279000,43054000,43075000,-283,43,-203,-149,-67,179,0
1.008394,1,205,40606000,43074000,43094000,-1415,215,-785,-455,-335,305,0
1.009045,2,42,37299000,43074000,43095000,-246,66,-186,-138,-54,198,0
1.028470,1,206,40626000,43094000,43114000,-1378,238,-802,-466,-322,286,0
1.029113,2,43,37319000,43094000,43115000,-209,89,-169,-127,-41,217,0
1.048613,1,207,40646000,43114000,43135000,-1341,261,-819,-477,-309,267,0
1.049267,2,44,37339000,43114000,43135000,-172,112,-152,-116,-28,236,0
1.069122,2,45,37359000,43133000,43155000,-135,135,-135,-105,-15,255,0
1.069740,1,208,40667000,43135000,43156000,-1304,284,-836,-488,-296,248,0
1.089329,2,46,37380000,43155000,43175000,-98,158,-118,-94,-2,274,0
1.089981,1,209,40687000,43154000,43176000,-1267,307,-853,-499,-283,229,0
1.109469,2,47,37400000,43175000,43195000,-61,181,-101,-83,11,293,0
1.110189,1,210,40707000,43175000,43196000,-1230,330,-870,-510,-270,210,0
1.129680,2,48,37420000,43195000,43215000,-24,204,-84,-72,24,312,0
1.130337,1,211,40727000,43195000,43216000,-1193,353,-887,-521,-257,191,0
1.149539,2,49,37440000,43215000,43235000,13,227,-67,-61,37,331,0
1.150204,1,212,40747000,43215000,43237000,-1156,376,-896,-532,-244,172,0
1.169791,2,50,37460000,43235000,43256000,50,250,-50,-50,50,350,0
1.170463,1,213,40767000,43235000,43257000,-1119,399,-879,-543,-231,153,0
1.189711,2,51,37480000,43254000,43276000,87,273,-33,-39,63,369,0
1.190388,1,214,40787000,43255000,43277000,-1082,422,-862,-554,-218,134,0
1.209916,2,52,37500000,43275000,43296000,124,296,-16,-28,76,388,0
1.210556,1,215,40808000,43276000,43297000,-1045,445,-845,-565,-205,115,0
1.230138,2,53,37520000,43295000,43316000,161,319,1,-17,89,407,0
1.230776,1,216,40828000,43296000,43317000,-1008,468,-828,-576,-192,96,0
1.250297,2,54,37541000,43316000,43336000,198,342,18,-6,102,426,0
1.250953,1,217,40848000,43316000,43337000,-971,491,-811,-587,-179,77,0
1.270443,2,55,37561000,43336000,43356000,235,365,35,5,115,445,0
1.271100,1,218,40868000,43336000,43357000,-934,514,-794,-598,-166,58,0
1.290476,2,56,37581000,43356000,43376000,272,388,52,16,128,464,0
1.291186,1,219,40888000,43356000,43378000,-897,537,-777,-591,-153,39,0
1.310803,2,57,37601000,43376000,43397000,309,411,69,27,141,483,0
1.311458,1,220,40908000,43376000,43398000,-860,560,-760,-580,-140,20,0
1.330922,1,221,40928000,43396000,43417000,-823,583,-743,-569,-127,1,0
1.331581,2,58,37622000,43396000,43418000,346,434,86,38,154,502,0
1.351214,1,222,40949000,43417000,43437000,-786,606,-726,-558,-114,-18,0
1.351816,2,59,37642000,43417000,43438000,383,457,103,49,167,521,0
1.371384,1,223,40969000,43437000,43457000,-749,629,-709,-547,-101,-37,0
1.371998,2,60,37662000,43437000,43458000,420,480,120,60,180,540,0
1.391536,1,224,40989000,43457000,43478000,-712,652,-692,-536,-88,-56,0
1.392160,2,61,37682000,43457000,43478000,457,503,137,71,193,559,0
1.411648,1,225,41009000,43477000,43498000,-675,675,-675,-525,-75,-75,0
1.412284,2,62,37702000,43477000,43499000,494,526,154,82,206,578,0
1.431739,1,226,41029000,43497000,43518000,-638,698,-658,-514,-62,-94,0
1.432389,2,63,37722000,43496000,43519000,531,549,171,93,219,597,0
1.451910,1,227,41049000,43517000,43538000,-601,721,-641,-503,-49,-113,0
1.452536,2,64,37743000,43518000,43539000,568,572,188,104,232,584,0
1.472038,1,228,41069000,43537000,43558000,-564,744,-624,-492,-36,-132,0
1.472635,2,65,37763000,43538000,43559000,605,595,205,115,245,565,0
1.492275,1,229,41090000,43558000,43578000,-527,767,-607,-481,-23,-151,0
1.492926,2,66,37783000,43558000,43579000,642,618,222,126,258,546,0
1.512259,1,230,41110000,43578000,43598000,-490,790,-590,-470,-10,-170,0
1.512980,2,67,37803000,43578000,43599000,679,641,239,137,271,527,0
1.532377,1,231,41130000,43598000,43619000,-453,813,-573,-459,3,-189,0
1.532988,2,68,37823000,43598000,43619000,716,664,256,148,284,508,0
1.552688,1,232,41150000,43618000,43639000,-416,836,-556,-448,16,-208,0
1.553325,2,69,37843000,43618000,43640000,753,687,273,159,297,489,0
1.573231,2,70,37863000,43637000,43659000,790,710,290,170,310,470,0
1.573952,1,233,41171000,43639000,43660000,-379,859,-539,-437,29,-227,0
1.593325,2,71,37884000,43659000,43679000,827,733,307,181,323,451,0
1.594034,1,234,41191000,43659000,43680000,-342,882,-522,-426,42,-246,0
1.613503,2,72,37904000,43679000,43699000,864,756,324,192,336,432,0
1.614160,1,235,41211000,43679000,43700000,-305,895,-505,-415,55,-265,0
1.634396,2,73,37924000,43699000,43719000,901,779,341,203,349,413,0
1.635736,1,236,41231000,43699000,43721000,-268,872,-488,-404,68,-284,0
1.653661,2,74,37944000,43719000,43740000,938,802,358,214,362,394,0
1.654317,1,237,41251000,43719000,43741000,-231,849,-471,-393,81,-303,0
1.673813,2,75,37964000,43738000,43760000,975,825,375,225,375,375,0
1.674436,1,238,41271000,43739000,43761000,-194,826,-454,-382,94,-322,0
1.694070,2,76,37984000,43759000,43780000,1012,848,392,236,388,356,0
1.694681,1,239,41292000,43760000,43781000,-157,803,-437,-371,107,-341,0
1.714172,2,77,38004000,43779000,43800000,1049,871,409,247,401,337,0
1.714797,1,240,41312000,43780000,43801000,-120,780,-420,-360,120,-360,0
1.734299,2,78,38025000,43800000,43820000,1086,894,426,258,414,318,0
1.734934,1,241,41332000,43800000,43821000,-83,757,-403,-349,133,-379,0
1.754512,2,79,38045000,43820000,43840000,1123,883,443,269,427,299,0
1.755149,1,242,41352000,43820000,43841000,-46,734,-386,-338,146,-398,0
1.774645,2,80,38065000,43840000,43860000,1160,860,460,280,440,280,0
1.775294,1,243,41372000,43840000,43862000,-9,711,-369,-327,159,-417,0
1.794609,2,81,38085000,43860000,43881000,1197,837,477,291,453,261,0
1.795258,1,244,41392000,43860000,43882000,28,688,-352,-316,172,-436,0
1.814814,2,82,38105000,43879000,43901000,1234,814,494,302,466,242,0
1.815434,1,245,41412000,43880000,43902000,65,665,-335,-305,185,-455,0
1.835147,1,246,41433000,43901000,43921000,102,642,-318,-294,198,-474,0
1.835765,2,83,38126000,43901000,43922000,1271,791,511,313,479,223,0
1.855234,1,247,41453000,43921000,43941000,139,619,-301,-283,211,-493,0
1.856017,2,84,38146000,43921000,43942000,1308,768,528,324,492,204,0
1.875495,1,248,41473000,43941000,43962000,176,596,-284,-272,224,-512,0
1.876113,2,85,38166000,43941000,43962000,1345,745,545,335,505,185,0
1.895609,1,249,41493000,43961000,43982000,213,573,-267,-261,237,-531,0
1.896250,2,86,38186000,43961000,43983000,1382,722,562,346,518,166,0
1.915742,1,250,41513000,43981000,44002000,250,550,-250,-250,250,-550,0
1.916431,2,87,38206000,43980000,44003000,1419,699,579,357,531,147,0
1.935724,1,251,41533000,44001000,44022000,287,527,-233,-239,263,-569,0
1.936331,2,88,38227000,44002000,44023000,1456,676,596,368,544,128,0
1.955932,1,252,41553000,44021000,44042000,324,504,-216,-228,276,-588,0
1.956519,2,89,38247000,44022000,44043000,1493,653,613,379,557,109,0
1.976222,1,253,41574000,44042000,44062000,361,481,-199,-217,289,-593,0
1.977021,2,90,38267000,44042000,44063000,1530,630,630,390,570,90,0
1.996277,1,254,41594000,44062000,44082000,398,458,-182,-206,302,-574,0
1.996941,2,91,38287000,44062000,44083000,1567,607,647,401,583,71,0
2.016447,1,255,41614000,44082000,44103000,435,435,-165,-195,315,-555,0
2.017079,2,92,38307000,44082000,44103000,1604,584,664,412,596,52,0
2.036579,1,0,41634000,44102000,44123000,-1800,-900,-900,-600,-600,-600,0
2.037199,2,93,38327000,44102000,44124000,1641,561,681,423,591,33,0
2.056692,1,1,41654000,44122000,44143000,-1763,-877,-883,-589,-587,-581,0
2.057328,2,94,38347000,44121000,44144000,1678,538,698,434,578,14,0
2.077330,2,95,38368000,44143000,44163000,1715,515,715,445,565,-5,0
2.077981,1,2,41675000,44143000,44164000,-1726,-854,-866,-578,-574,-562,0
2.097531,2,96,38388000,44163000,44183000,1752,492,732,456,552,-24,0
2.098194,1,3,41695000,44163000,44184000,-1689,-831,-849,-567,-561,-543,0
2.117632,2,97,38408000,44183000,44203000,1789,469,749,467,539,-43,0
2.118278,1,4,41715000,44183000,44205000,-1652,-808,-832,-556,-548,-524,0
2.137695,2,98,38428000,44203000,44223000,1774,446,766,478,526,-62,0
2.138340,1,5,41735000,44203000,44225000,-1615,-785,-815,-545,-535,-505,0
2.157809,2,99,38448000,44222000,44244000,1737,423,783,489,513,-81,0
2.158436,1,6,41755000,44223000,44245000,-1578,-762,-798,-534,-522,-486,0
2.178030,2,100,38468000,44242000,44264000,1700,400,800,500,500,-100,0
2.178672,1,7,41776000,44244000,44265000,-1541,-739,-781,-523,-509,-467,0
2.198226,2,101,38488000,44263000,44284000,1663,377,817,511,487,-119,0
2.199003,1,8,41796000,44264000,44285000,-1504,-716,-764,-512,-496,-448,0
2.218287,2,102,38509000,44284000,44304000,1626,354,834,522,474,-138,0
2.218956,1,9,41816000,44284000,44305000,-1467,-693,-747,-501,-483,-429,0
2.238471,2,103,38529000,44304000,44324000,1589,331,851,533,461,-157,0
2.239158,1,10,41836000,44304000,44325000,-1430,-670,-730,-490,-470,-410,0
2.258608,2,104,38549000,44324000,44344000,1552,308,868,544,448,-176,0
2.259272,1,11,41856000,44324000,44346000,-1393,-647,-713,-479,-457,-391,0
2.278726,2,105,38569000,44344000,44364000,1515,285,885,555,435,-195,0
2.279397,1,12,41876000,44344000,44366000,-1356,-624,-696,-468,-444,-372,0
2.298871,2,106,38589000,44363000,44385000,1478,262,898,566,422,-214,0
2.299530,1,13,41896000,44364000,44386000,-1319,-601,-679,-457,-431,-353,0
2.318820,2,107,38609000,44383000,44405000,1441,239,881,577,409,-233,0
2.319468,1,14,41917000,44385000,44406000,-1282,-578,-662,-446,-418,-334,0
2.339338,1,15,41937000,44405000,44425000,-1245,-555,-645,-435,-405,-315,0
2.339969,2,108,38630000,44405000,44426000,1404,216,864,588,396,-252,0
2.359481,1,16,41957000,44425000,44445000,-1208,-532,-628,-424,-392,-296,0
2.360109,2,109,38650000,44425000,44446000,1367,193,847,599,383,-271,0
2.379584,1,17,41977000,44445000,44466000,-1171,-509,-611,-413,-379,-277,0
2.380247,2,110,38670000,44445000,44467000,1330,170,830,590,370,-290,0
2.399557,1,18,41997000,44464000,44486000,-1134,-486,-594,-402,-366,-258,0
2.400204,2,111,38690000,44464000,44487000,1293,147,813,579,357,-309,0
2.419830,1,19,42017000,44485000,44506000,-1097,-463,-577,-391,-353,-239,0
2.420592,2,112,38711000,44486000,44507000,1256,124,796,568,344,-328,0
2.439810,1,20,42037000,44505000,44526000,-1060,-440,-560,-380,-340,-220,0
2.440506,2,113,38731000,44506000,44527000,1219,101,779,557,331,-347,0
2.460035,1,21,42058000,44526000,44546000,-1023,-417,-543,-369,-327,-201,0
2.460642,2,114,38751000,44526000,44547000,1182,78,762,546,318,-366,0
2.480243,1,22,42078000,44546000,44566000,-986,-394,-526,-358,-314,-182,0
2.480845,2,115,38771000,44546000,44567000,1145,55,745,535,305,-385,0
2.500388,1,23,42098000,44566000,44586000,-949,-371,-509,-347,-301,-163,0
2.501009,2,116,38791000,44566000,44587000,1108,32,728,524,292,-404,0
2.520561,1,24,42118000,44586000,44607000,-912,-348,-492,-336,-288,-144,0
2.521230,2,117,38811000,44586000,44608000,1071,9,711,513,279,-423,0
2.540603,1,25,42138000,44605000,44627000,-875,-325,-475,-325,-275,-125,0
2.541234,2,118,38831000,44605000,44628000,1034,-14,694,502,266,-442,0
2.560763,1,26,42158000,44626000,44647000,-838,-302,-458,-314,-262,-106,0
2.561445,2,119,38852000,44627000,44648000,997,-37,677,491,253,-461,0
2.581207,2,120,38872000,44647000,44667000,960,-60,660,480,240,-480,0
2.581880,1,27,42179000,44647000,44668000,-801,-279,-441,-303,-249,-87,0
2.601606,2,121,38892000,44667000,44687000,923,-83,643,469,227,-499,0
2.602247,1,28,42199000,44667000,44688000,-764,-256,-424,-292,-236,-68,0
2.621655,2,122,38912000,44687000,44707000,886,-106,626,458,214,-518,0
2.622310,1,29,42219000,44687000,44709000,-727,-233,-407,-281,-223,-49,0
2.641752,2,123,38932000,44706000,44728000,849,-129,609,447,201,-537,0
2.642385,1,30,42239000,44706000,44729000,-690,-210,-390,-270,-210,-30,0
2.661876,2,124,38952000,44726000,44748000,812,-152,592,436,188,-556,0
2.662499,1,31,42260000,44728000,44749000,-653,-187,-373,-259,-197,-11,0
2.682113,2,125,38972000,44747000,44768000,775,-175,575,425,175,-575,0
2.682733,1,32,42280000,44748000,44769000,-616,-164,-356,-248,-184,8,0
2.702268,2,126,38993000,44768000,44788000,738,-198,558,414,162,-594,0
2.702907,1,33,42300000,44768000,44789000,-579,-141,-339,-237,-171,27,0
2.722370,2,127,39013000,44788000,44808000,701,-221,541,403,149,-587,0
2.723014,1,34,42320000,44788000,44809000,-542,-118,-322,-226,-158,46,0
2.742469,2,128,39033000,44808000,44828000,664,-244,524,392,136,-568,0
2.743266,1,35,42340000,44808000,44829000,-505,-95,-305,-215,-145,65,0
2.762592,2,129,39053000,44828000,44848000,627,-267,507,381,123,-549,0
2.763240,1,36,42360000,44828000,44850000,-468,-72,-288,-204,-132,84,0
2.782601,2,130,39073000,44847000,44869000,590,-290,490,370,110,-530,0
2.783284,1,37,42380000,44847000,44870000,-431,-49,-271,-193,-119,103,0
2.802707,2,131,39093000,44867000,44889000,553,-313,473,359,97,-511,0
2.803431,1,38,42401000,44869000,44890000,-394,-26,-254,-182,-106,122,0
2.822955,2,132,39113000,44888000,44909000,516,-336,456,348,84,-492,0
2.823693,1,39,42421000,44889000,44910000,-357,-3,-237,-171,-93,141,0
2.843339,1,40,42441000,44909000,44929000,-320,20,-220,-160,-80,160,0
2.844062,2,133,39134000,44909000,44930000,479,-359,439,337,71,-473,0
2.863358,1,41,42461000,44929000,44950000,-283,43,-203,-149,-67,179,0
2.864001,2,134,39154000,44929000,44950000,442,-382,422,326,58,-454,0
2.883436,1,42,42481000,44948000,44970000,-246,66,-186,-138,-54,198,0
2.884083,2,135,39174000,44948000,44971000,405,-405,405,315,45,-435,0
2.903713,1,43,42501000,44969000,44990000,-209,89,-169,-127,-41,217,0
2.904374,2,136,39195000,44969000,44991000,368,-428,388,304,32,-416,0
2.923726,1,44,42521000,44989000,45010000,-172,112,-152,-116,-28,236,0
2.924477,2,137,39215000,44990000,45011000,331,-451,371,293,19,-397,0
2.943820,1,45,42542000,45010000,45030000,-135,135,-135,-105,-15,255,0
2.944494,2,138,39235000,45010000,45031000,294,-474,354,282,6,-378,0
2.964073,1,46,42562000,45030000,45050000,-98,158,-118,-94,-2,274,0
2.964666,2,139,39255000,45030000,45051000,257,-497,337,271,-7,-359,0
2.984302,1,47,42582000,45050000,45070000,-61,181,-101,-83,11,293,0
2.984956,2,140,39275000,45050000,45071000,220,-520,320,260,-20,-340,0
3.004387,1,48,42602000,45070000,45091000,-24,204,-84,-72,24,312,0
3.005015,2,141,39295000,45070000,45091000,183,-543,303,249,-33,-321,0
3.024566,1,49,42622000,45090000,45111000,13,227,-67,-61,37,331,0
3.025228,2,142,39315000,45089000,45112000,146,-566,286,238,-46,-302,0
3.044556,1,50,42642000,45110000,45131000,50,250,-50,-50,50,350,0
3.045291,2,143,39336000,45110000,45132000,109,-589,269,227,-59,-283,0
3.064699,1,51,42662000,45130000,45151000,87,273,-33,-39,63,369,0
3.065419,2,144,39356000,45131000,45152000,72,-612,252,216,-72,-264,0
3.085526,2,145,39376000,45151000,45171000,35,-635,235,205,-85,-245,0
3.086206,1,52,42683000,45151000,45172000,124,296,-16,-28,76,388,0
3.105411,2,146,39396000,45171000,45191000,-2,-658,218,194,-98,-226,0
3.106023,1,53,42703000,45171000,45193000,161,319,1,-17,89,407,0
3.125645,2,147,39416000,45190000,45212000,-39,-681,201,183,-111,-207,0
3.126243,1,54,42723000,45190000,45213000,198,342,18,-6,102,426,0
3.145814,2,148,39436000,45210000,45232000,-76,-704,184,172,-124,-188,0
3.146461,1,55,42744000,45212000,45233000,235,365,35,5,115,445,0
3.165855,2,149,39456000,45231000,45252000,-113,-727,167,161,-137,-169,0
3.166664,1,56,42764000,45232000,45253000,272,388,52,16,128,464,0
3.186223,2,150,39477000,45252000,45272000,-150,-750,150,150,-150,-150,0
3.186822,1,57,42784000,45252000,45273000,309,411,69,27,141,483,0
3.206376,2,151,39497000,45272000,45292000,-187,-773,133,139,-163,-131,0
3.207052,1,58,42804000,45272000,45293000,346,434,86,38,154,502,0
3.226513,2,152,39517000,45292000,45312000,-224,-796,116,128,-176,-112,0
3.227161,1,59,42824000,45292000,45313000,383,457,103,49,167,521,0
3.246602,2,153,39537000,45312000,45332000,-261,-819,99,117,-189,-93,0
3.247243,1,60,42844000,45312000,45334000,420,480,120,60,180,540,0
3.266670,2,154,39557000,45331000,45353000,-298,-842,82,106,-202,-74,0
3.267307,1,61,42864000,45331000,45354000,457,503,137,71,193,559,0
3.286828,2,155,39577000,45351000,45373000,-335,-865,65,95,-215,-55,0
3.287464,1,62,42885000,45353000,45374000,494,526,154,82,206,578,0
3.306891,2,156,39597000,45372000,45393000,-372,-888,48,84,-228,-36,0
3.307488,1,63,42905000,45373000,45394000,531,549,171,93,219,597,0
3.327172,2,157,39618000,45393000,45413000,-409,-889,31,73,-241,-17,0
3.327763,1,64,42925000,45393000,45414000,568,572,188,104,232,584,0
3.347430,1,65,42945000,45413000,45434000,605,595,205,115,245,565,0
3.348064,2,158,39638000,45413000,45434000,-446,-866,14,62,-254,2,0
3.367637,1,66,42965000,45433000,45454000,642,618,222,126,258,546,0
3.368260,2,159,39658000,45432000,45455000,-483,-843,-3,51,-267,21,0
3.387578,1,67,42985000,45453000,45474000,679,641,239,137,271,527,0
3.388384,2,160,39679000,45453000,45475000,-520,-820,-20,40,-280,40,0
3.407821,1,68,43005000,45473000,45494000,716,664,256,148,284,508,0
3.408469,2,161,39699000,45474000,45495000,-557,-797,-37,29,-293,59,0
3.427887,1,69,43026000,45494000,45514000,753,687,273,159,297,489,0
3.428632,2,162,39719000,45494000,45515000,-594,-774,-54,18,-306,78,0
3.448180,1,70,43046000,45514000,45534000,790,710,290,170,310,470,0
3.448945,2,163,39739000,45514000,45535000,-631,-751,-71,7,-319,97,0
3.468149,1,71,43066000,45534000,45554000,827,733,307,181,323,451,0
3.468780,2,164,39759000,45534000,45555000,-668,-728,-88,-4,-332,116,0
3.488306,1,72,43086000,45554000,45575000,864,756,324,192,336,432,0
3.488951,2,165,39779000,45554000,45575000,-705,-705,-105,-15,-345,135,0
3.508472,1,73,43106000,45574000,45595000,901,779,341,203,349,413,0
3.509127,2,166,39799000,45573000,45596000,-742,-682,-122,-26,-358,154,0
3.528634,1,74,43126000,45594000,45615000,938,802,358,214,362,394,0
3.529337,2,167,39820000,45594000,45616000,-779,-659,-139,-37,-371,173,0
3.548826,1,75,43146000,45614000,45635000,975,825,375,225,375,375,0
3.549518,2,168,39840000,45615000,45636000,-816,-636,-156,-48,-384,192,0
3.568854,1,76,43166000,45634000,45655000,1012,848,392,236,388,356,0
3.569496,2,169,39860000,45635000,45656000,-853,-613,-173,-59,-397,211,0
3.589648,2,170,39880000,45655000,45675000,-890,-590,-190,-70,-410,230,0
3.590343,1,77,43187000,45655000,45677000,1049,871,409,247,401,337,0
3.609690,2,171,39900000,45674000,45696000,-927,-567,-207,-81,-423,249,0
3.610333,1,78,43207000,45675000,45697000,1086,894,426,258,414,318,0
3.629794,2,172,39920000,45694000,45716000,-964,-544,-224,-92,-436,268,0
3.630438,1,79,43227000,45695000,45717000,1123,883,443,269,427,299,0
3.649955,2,173,39940000,45715000,45736000,-1001,-521,-241,-103,-449,287,0
3.650573,1,80,43248000,45716000,45737000,1160,860,460,280,440,280,0
3.670212,2,174,39961000,45736000,45756000,-1038,-498,-258,-114,-462,306,0
3.670808,1,81,43268000,45736000,45757000,1197,837,477,291,453,261,0
3.690323,2,175,39981000,45756000,45776000,-1075,-475,-275,-125,-475,325,0
3.690972,1,82,43288000,45756000,45777000,1234,814,494,302,466,242,0
3.710468,2,176,40001000,45776000,45796000,-1112,-452,-292,-136,-488,344,0
3.711105,1,83,43308000,45776000,45797000,1271,791,511,313,479,223,0
3.730536,2,177,40021000,45796000,45816000,-1149,-429,-309,-147,-501,363,0
3.731372,1,84,43328000,45796000,45818000,1308,768,528,324,492,204,0
3.750718,2,178,40041000,45815000,45837000,-1186,-406,-326,-158,-514,382,0
3.751357,1,85,43348000,45816000,45838000,1345,745,545,335,505,185,0
3.770930,2,179,40061000,45835000,45857000,-1223,-383,-343,-169,-527,401,0
3.771525,1,86,43368000,45836000,45858000,1382,722,562,346,518,166,0
3.790706,2,180,40081000,45856000,45877000,-1260,-360,-360,-180,-540,420,0
3.791495,1,87,43389000,45857000,45878000,1419,699,579,357,531,147,0
3.811029,2,181,40102000,45877000,45897000,-1297,-337,-377,-191,-553,439,0
3.811624,1,88,43409000,45877000,45898000,1456,676,596,368,544,128,0
3.831309,2,182,40122000,45897000,45917000,-1334,-314,-394,-202,-566,458,0
3.831959,1,89,43429000,45897000,45918000,1493,653,613,379,557,109,0
3.851635,1,90,43449000,45917000,45938000,1530,630,630,390,570,90,0
3.852304,2,183,40142000,45917000,45939000,-1371,-291,-411,-213,-579,477,0
3.871672,1,91,43469000,45936000,45958000,1567,607,647,401,583,71,0
3.872341,2,184,40163000,45937000,45959000,-1408,-268,-428,-224,-592,496,0
3.891821,1,92,43489000,45957000,45978000,1604,584,664,412,596,52,0
3.892494,2,185,40183000,45958000,45979000,-1445,-245,-445,-235,-595,515,0
3.911788,1,93,43509000,45977000,45998000,1641,561,681,423,591,33,0
3.912591,2,186,40203000,45978000,45999000,-1482,-222,-462,-246,-582,534,0
3.932109,1,94,43530000,45998000,46018000,1678,538,698,434,578,14,0
3.932724,2,187,40223000,45998000,46019000,-1519,-199,-479,-257,-569,553,0
3.952229,1,95,43550000,46018000,46038000,1715,515,715,445,565,-5,0
3.952877,2,188,40243000,46018000,46039000,-1556,-176,-496,-268,-556,572,0
3.972423,1,96,43570000,46038000,46059000,1752,492,732,456,552,-24,0
3.973068,2,189,40263000,46038000,46059000,-1593,-153,-513,-279,-543,591,0
3.992613,1,97,43590000,46058000,46079000,1789,469,749,467,539,-43,0
3.993360,2,190,40283000,46057000,46080000,-1630,-130,-530,-290,-530,590,0
4.012686,1,98,43610000,46078000,46099000,1774,446,766,478,526,-62,0
4.013615,2,191,40304000,46078000,46100000,-1667,-107,-547,-301,-517,571,0
4.032757,1,99,43630000,46098000,46119000,1737,423,783,489,513,-81,0
4.033431,2,192,40324000,46099000,46120000,-1704,-84,-564,-312,-504,552,0
4.052830,1,100,43650000,46118000,46139000,1700,400,800,500,500,-100,0
4.053498,2,193,40344000,46119000,46140000,-1741,-61,-581,-323,-491,533,0
4.073298,1,101,43671000,46139000,46159000,1663,377,817,511,487,-119,0
4.073971,2,194,40364000,46139000,46160000,-1778,-38,-598,-334,-478,514,0
4.093685,2,195,40384000,46159000,46179000,-1785,-15,-615,-345,-465,495,0
4.094336,1,102,43691000,46159000,46181000,1626,354,834,522,474,-138,0
4.113788,2,196,40404000,46178000,46200000,-1748,8,-632,-356,-452,476,0
4.114430,1,103,43711000,46178000,46201000,1589,331,851,533,461,-157,0
4.134227,2,197,40424000,46198000,46220000,-1711,31,-649,-367,-439,457,0
4.134839,1,104,43732000,46200000,46221000,1552,308,868,544,448,-176,0
4.153997,2,198,40445000,46220000,46240000,-1674,54,-666,-378,-426,438,0
4.154633,1,105,43752000,46220000,46241000,1515,285,885,555,435,-195,0
4.174166,2,199,40465000,46240000,46260000,-1637,77,-683,-389,-413,419,0
4.174841,1,106,43772000,46240000,46261000,1478,262,898,566,422,-214,0
4.194350,2,200,40485000,46260000,46280000,-1600,100,-700,-400,-400,400,0
4.195033,1,107,43792000,46260000,46281000,1441,239,881,577,409,-233,0
4.214491,2,201,40505000,46280000,46300000,-1563,123,-717,-411,-387,381,0
4.215155,1,108,43812000,46280000,46302000,1404,216,864,588,396,-252,0
4.234574,2,202,40525000,46300000,46320000,-1526,146,-734,-422,-374,362,0
4.235200,1,109,43832000,46300000,46322000,1367,193,847,599,383,-271,0
4.254748,2,203,40545000,46319000,46341000,-1489,169,-751,-433,-361,343,0
4.255383,1,110,43852000,46320000,46342000,1330,170,830,590,370,-290,0
4.274832,2,204,40565000,46339000,46361000,-1452,192,-768,-444,-348,324,0
4.275452,1,111,43873000,46341000,46362000,1293,147,813,579,357,-309,0
4.294810,2,205,40585000,46360000,46381000,-1415,215,-785,-455,-335,305,0
4.295469,1,112,43893000,46361000,46382000,1256,124,796,568,344,-328,0
4.315253,2,206,40606000,46381000,46401000,-1378,238,-802,-466,-322,286,0
4.315872,1,113,43913000,46381000,46402000,1219,101,779,557,331,-347,0
4.335330,2,207,40626000,46401000,46421000,-1341,261,-819,-477,-309,267,0
4.335971,1,114,43933000,46401000,46422000,1182,78,762,546,318,-366,0
4.355779,1,115,43953000,46421000,46442000,1145,55,745,535,305,-385,0
4.356615,2,208,40647000,46422000,46443000,-1304,284,-836,-488,-296,248,0
4.375672,1,116,43973000,46440000,46462000,1108,32,728,524,292,-404,0
4.376358,2,209,40667000,46441000,46463000,-1267,307,-853,-499,-283,229,0
4.395771,1,117,43993000,46461000,46482000,1071,9,711,513,279,-423,0
4.396438,2,210,40687000,46462000,46483000,-1230,330,-870,-510,-270,210,0
4.416019,1,118,44014000,46482000,46502000,1034,-14,694,502,266,-442,0
4.416653,2,211,40707000,46482000,46503000,-1193,353,-887,-521,-257,191,0
4.436046,1,119,44034000,46502000,46522000,997,-37,677,491,253,-461,0
4.436681,2,212,40727000,46502000,46523000,-1156,376,-896,-532,-244,172,0
4.456254,1,120,44054000,46522000,46542000,960,-60,660,480,240,-480,0
4.456950,2,213,40747000,46522000,46543000,-1119,399,-879,-543,-231,153,0
4.476403,1,121,44074000,46542000,46563000,923,-83,643,469,227,-499,0
4.477085,2,214,40767000,46542000,46563000,-1082,422,-862,-554,-218,134,0
4.496658,1,122,44094000,46561000,46583000,886,-106,626,458,214,-518,0
4.497322,2,215,40787000,46561000,46584000,-1045,445,-845,-565,-205,115,0
4.516736,1,123,44114000,46582000,46603000,849,-129,609,447,201,-537,0
4.517467,2,216,40808000,46582000,46604000,-1008,468,-828,-576,-192,96,0
4.536821,1,124,44134000,46602000,46623000,812,-152,592,436,188,-556,0
4.537474,2,217,40828000,46603000,46624000,-971,491,-811,-587,-179,77,0
4.556869,1,125,44155000,46623000,46643000,775,-175,575,425,175,-575,0
4.557539,2,218,40848000,46623000,46644000,-934,514,-794,-598,-166,58,0
4.577697,1,126,44175000,46643000,46663000,738,-198,558,414,162,-594,0
4.578367,2,219,40868000,46643000,46664000,-897,537,-777,-591,-153,39,0
4.597631,2,220,40888000,46663000,46684000,-860,560,-760,-580,-140,20,0
4.598361,1,127,44195000,46663000,46685000,701,-221,541,403,149,-587,0
4.617851,2,221,40908000,46682000,46704000,-823,583,-743,-569,-127,1,0
4.618580,1,128,44216000,46683000,46705000,664,-244,524,392,136,-568,0
4.637767,2,222,40928000,46703000,46724000,-786,606,-726,-558,-114,-18,0
4.638467,1,129,44236000,46704000,46725000,627,-267,507,381,123,-549,0
4.658074,2,223,40949000,46724000,46744000,-749,629,-709,-547,-101,-37,0
4.658703,1,130,44256000,46724000,46745000,590,-290,490,370,110,-530,0
4.678227,2,224,40969000,46744000,46764000,-712,652,-692,-536,-88,-56,0
4.678825,1,131,44276000,46744000,46765000,553,-313,473,359,97,-511,0
4.698415,2,225,40989000,46764000,46784000,-675,675,-675,-525,-75,-75,0
4.699180,1,132,44296000,46764000,46785000,516,-336,456,348,84,-492,0
4.718498,2,226,41009000,46784000,46804000,-638,698,-658,-514,-62,-94,0
4.719143,1,133,44316000,46784000,46806000,479,-359,439,337,71,-473,0
4.738785,2,227,41029000,46803000,46825000,-601,721,-641,-503,-49,-113,0
4.739432,1,134,44336000,46803000,46826000,442,-382,422,326,58,-454,0
4.758634,2,228,41049000,46823000,46845000,-564,744,-624,-492,-36,-132,0
4.759288,1,135,44357000,46825000,46846000,405,-405,405,315,45,-435,0
4.778711,2,229,41069000,46844000,46865000,-527,767,-607,-481,-23,-151,0
4.779442,1,136,44377000,46845000,46866000,368,-428,388,304,32,-416,0
4.799031,2,230,41090000,46865000,46885000,-490,790,-590,-470,-10,-170,0
4.799635,1,137,44397000,46865000,46886000,331,-451,371,293,19,-397,0
4.819265,2,231,41110000,46885000,46905000,-453,813,-573,-459,3,-189,0
4.819938,1,138,44417000,46885000,46906000,294,-474,354,282,6,-378,0
4.839383,2,232,41130000,46905000,46925000,-416,836,-556,-448,16,-208,0
4.840028,1,139,44437000,46905000,46926000,257,-497,337,271,-7,-359,0
4.859638,1,140,44457000,46925000,46946000,220,-520,320,260,-20,-340,0
4.860274,2,233,41151000,46926000,46947000,-379,859,-539,-437,29,-227,0
4.879882,1,141,44477000,46944000,46966000,183,-543,303,249,-33,-321,0
4.880528,2,234,41171000,46945000,46967000,-342,882,-522,-426,42,-246,0
4.899865,1,142,44498000,46966000,46986000,146,-566,286,238,-46,-302,0
4.900586,2,235,41191000,46966000,46987000,-305,895,-505,-415,55,-265,0
4.920498,1,143,44518000,46986000,47006000,109,-589,269,227,-59,-283,0
4.921153,2,236,41211000,46986000,47007000,-268,872,-488,-404,68,-284,0
4.940289,1,144,44538000,47006000,47026000,72,-612,252,216,-72,-264,0
4.940984,2,237,41231000,47006000,47027000,-231,849,-471,-393,81,-303,0
4.960416,1,145,44558000,47026000,47047000,35,-635,235,205,-85,-245,0
4.961049,2,238,41251000,47026000,47047000,-194,826,-454,-382,94,-322,0
4.980497,1,146,44578000,47045000,47067000,-2,-658,218,194,-98,-226,0
4.981193,2,239,41271000,47045000,47068000,-157,803,-437,-371,107,-341,0
5.000605,1,147,44598000,47066000,47087000,-39,-681,201,183,-111,-207,0
5.001262,2,240,41292000,47066000,47088000,-120,780,-420,-360,120,-360,0
5.020922,1,148,44618000,47086000,47107000,-76,-704,184,172,-124,-188,0
5.021528,2,241,41312000,47087000,47108000,-83,757,-403,-349,133,-379,0
5.040785,1,149,44639000,47107000,47127000,-113,-727,167,161,-137,-169,0
5.041481,2,242,41332000,47107000,47128000,-46,734,-386,-338,146,-398,0
5.061081,1,150,44659000,47127000,47147000,-150,-750,150,150,-150,-150,0
5.061680,2,243,41352000,47127000,47148000,-9,711,-369,-327,159,-417,0
5.081289,1,151,44679000,47147000,47167000,-187,-773,133,139,-163,-131,0
5.081917,2,244,41372000,47147000,47168000,28,688,-352,-316,172,-436,0
5.101732,2,245,41392000,47167000,47188000,65,665,-335,-305,185,-455,0
5.102517,1,152,44700000,47168000,47189000,-224,-796,116,128,-176,-112,0
5.121832,2,246,41412000,47186000,47208000,102,642,-318,-294,198,-474,0
5.122494,1,153,44720000,47187000,47209000,-261,-819,99,117,-189,-93,0
5.141995,2,247,41433000,47208000,47228000,139,619,-301,-283,211,-493,0
5.142599,1,154,44740000,47208000,47229000,-298,-842,82,106,-202,-74,0
5.162111,2,248,41453000,47228000,47248000,176,596,-284,-272,224,-512,0
5.162727,1,155,44760000,47228000,47249000,-335,-865,65,95,-215,-55,0
5.182247,2,249,41473000,47248000,47268000,213,573,-267,-261,237,-531,0
5.182911,1,156,44780000,47248000,47269000,-372,-888,48,84,-228,-36,0
5.202553,2,250,41493000,47268000,47288000,250,550,-250,-250,250,-550,0
5.203213,1,157,44800000,47268000,47290000,-409,-889,31,73,-241,-17,0
5.222565,2,251,41513000,47287000,47309000,287,527,-233,-239,263,-569,0
5.223199,1,158,44820000,47287000,47310000,-446,-866,14,62,-254,2,0
5.242710,2,252,41533000,47307000,47329000,324,504,-216,-228,276,-588,0
5.243358,1,159,44841000,47309000,47330000,-483,-843,-3,51,-267,21,0
5.263036,2,253,41553000,47328000,47349000,361,481,-199,-217,289,-593,0
5.263709,1,160,44861000,47329000,47350000,-520,-820,-20,40,-280,40,0
5.282930,2,254,41574000,47349000,47369000,398,458,-182,-206,302,-574,0
5.283523,1,161,44881000,47349000,47370000,-557,-797,-37,29,-293,59,0
5.303268,2,255,41594000,47369000,47389000,435,435,-165,-195,315,-555,0
5.303906,1,162,44901000,47369000,47390000,-594,-774,-54,18,-306,78,0
5.323265,2,0,41614000,47389000,47409000,-1800,-900,-900,-600,-600,-600,0
5.324175,1,163,44921000,47389000,47410000,-631,-751,-71,7,-319,97,0
5.343530,2,1,41634000,47409000,47429000,-1763,-877,-883,-589,-587,-581,0
5.344220,1,164,44941000,47409000,47431000,-668,-728,-88,-4,-332,116,0
5.363866,1,165,44961000,47428000,47450000,-705,-705,-105,-15,-345,135,0
5.364496,2,2,41655000,47429000,47451000,-1726,-854,-866,-578,-574,-562,0
5.383716,1,166,44982000,47449000,47470000,-742,-682,-122,-26,-358,154,0
5.384430,2,3,41675000,47450000,47471000,-1689,-831,-849,-567,-561,-543,0
5.403940,1,167,45002000,47470000,47490000,-779,-659,-139,-37,-371,173,0
5.404564,2,4,41695000,47470000,47491000,-1652,-808,-832,-556,-548,-524,0
5.424361,1,168,45022000,47490000,47510000,-816,-636,-156,-48,-384,192,0
5.425028,2,5,41715000,47490000,47511000,-1615,-785,-815,-545,-535,-505,0
5.444327,1,169,45042000,47510000,47531000,-853,-613,-173,-59,-397,211,0
5.444995,2,6,41735000,47510000,47531000,-1578,-762,-798,-534,-522,-486,0
5.464568,1,170,45062000,47529000,47551000,-890,-590,-190,-70,-410,230,0
5.465230,2,7,41755000,47529000,47552000,-1541,-739,-781,-523,-509,-467,0
5.484564,1,171,45082000,47550000,47571000,-927,-567,-207,-81,-423,249,0
5.485331,2,8,41776000,47550000,47572000,-1504,-716,-764,-512,-496,-448,0
5.504766,1,172,45102000,47570000,47591000,-964,-544,-224,-92,-436,268,0
5.505434,2,9,41796000,47571000,47592000,-1467,-693,-747,-501,-483,-429,0
5.524764,1,173,45123000,47591000,47611000,-1001,-521,-241,-103,-449,287,0
5.525473,2,10,41816000,47591000,47612000,-1430,-670,-730,-490,-470,-410,0
5.544832,1,174,45143000,47611000,47631000,-1038,-498,-258,-114,-462,306,0
5.545534,2,11,41836000,47611000,47632000,-1393,-647,-713,-479,-457,-391,0
5.565187,1,175,45163000,47631000,47651000,-1075,-475,-275,-125,-475,325,0
5.565806,2,12,41856000,47631000,47652000,-1356,-624,-696,-468,-444,-372,0
5.585362,1,176,45183000,47651000,47672000,-1112,-452,-292,-136,-488,344,0
5.586086,2,13,41876000,47651000,47672000,-1319,-601,-679,-457,-431,-353,0
5.605766,2,14,41896000,47670000,47692000,-1282,-578,-662,-446,-418,-334,0
5.606466,1,177,45204000,47672000,47693000,-1149,-429,-309,-147,-501,363,0
5.625951,2,15,41917000,47692000,47712000,-1245,-555,-645,-435,-405,-315,0
5.626596,1,178,45224000,47691000,47713000,-1186,-406,-326,-158,-514,382,0
5.646190,2,16,41937000,47712000,47732000,-1208,-532,-628,-424,-392,-296,0
5.646893,1,179,45244000,47712000,47733000,-1223,-383,-343,-169,-527,401,0
5.666353,2,17,41957000,47732000,47752000,-1171,-509,-611,-413,-379,-277,0
5.667004,1,180,45264000,47732000,47753000,-1260,-360,-360,-180,-540,420,0
5.686520,2,18,41977000,47752000,47772000,-1134,-486,-594,-402,-366,-258,0
5.687193,1,181,45284000,47752000,47774000,-1297,-337,-377,-191,-553,439,0
5.706582,2,19,41997000,47771000,47793000,-1097,-463,-577,-391,-353,-239,0
5.707661,1,182,45304000,47771000,47794000,-1334,-314,-394,-202,-566,458,0
5.726713,2,20,42017000,47791000,47813000,-1060,-440,-560,-380,-340,-220,0
5.727384,1,183,45325000,47793000,47814000,-1371,-291,-411,-213,-579,477,0
5.746729,2,21,42037000,47812000,47833000,-1023,-417,-543,-369,-327,-201,0
5.747438,1,184,45345000,47813000,47834000,-1408,-268,-428,-224,-592,496,0
5.767078,2,22,42058000,47833000,47853000,-986,-394,-526,-358,-314,-182,0
5.767692,1,185,45365000,47833000,47854000,-1445,-245,-445,-235,-595,515,0
5.787194,2,23,42078000,47853000,47873000,-949,-371,-509,-347,-301,-163,0
5.787867,1,186,45385000,47853000,47874000,-1482,-222,-462,-246,-582,534,0
5.807600,2,24,42098000,47873000,47893000,-912,-348,-492,-336,-288,-144,0
5.808271,1,187,45405000,47873000,47894000,-1519,-199,-479,-257,-569,553,0
5.827387,2,25,42118000,47893000,47913000,-875,-325,-475,-325,-275,-125,0
5.828167,1,188,45425000,47893000,47915000,-1556,-176,-496,-268,-556,572,0
5.847795,2,26,42138000,47912000,47934000,-838,-302,-458,-314,-262,-106,0
5.848560,1,189,45445000,47912000,47935000,-1593,-153,-513,-279,-543,591,0
5.867838,1,190,45466000,47934000,47954000,-1630,-130,-530,-290,-530,590,0
5.868487,2,27,42159000,47933000,47955000,-801,-279,-441,-303,-249,-87,0
5.887837,1,191,45486000,47954000,47974000,-1667,-107,-547,-301,-517,571,0
5.888559,2,28,42179000,47954000,47975000,-764,-256,-424,-292,-236,-68,0
5.908177,1,192,45506000,47974000,47994000,-1704,-84,-564,-312,-504,552,0
5.908793,2,29,42199000,47974000,47995000,-727,-233,-407,-281,-223,-49,0
5.928316,1,193,45526000,47994000,48015000,-1741,-61,-581,-323,-491,533,0
5.929001,2,30,42219000,47994000,48015000,-690,-210,-390,-270,-210,-30,0
5.948522,1,194,45546000,48013000,48035000,-1778,-38,-598,-334,-478,514,0
5.949216,2,31,42239000,48013000,48036000,-653,-187,-373,-259,-197,-11,0
5.968504,1,195,45566000,48034000,48055000,-1785,-15,-615,-345,-465,495,0
5.969152,2,32,42260000,48034000,48056000,-616,-164,-356,-248,-184,8,0
5.988796,1,196,45586000,48054000,48075000,-1748,8,-632,-356,-452,476,0
5.989493,2,33,42280000,48055000,48076000,-579,-141,-339,-237,-171,27,0
6.008784,1,197,45607000,48075000,48095000,-1711,31,-649,-367,-439,457,0
